{
  "as_of": "2026-05-25T05:16:12Z",
  "prices_usd_bbl": {
    "brent": 100.20999908447266,
    "wti": 96.5999984741211,
    "inr_usd": 95.23999786376953,
    "indian_basket": 99.51
  }
}