{
  "as_of": "2026-07-14T03:52:41Z",
  "prices_usd_bbl": {
    "brent": 84.86000061035156,
    "wti": 79.87999725341797,
    "inr_usd": 96.12999725341797,
    "indian_basket": 84.16
  }
}