{
  "as_of": "2026-07-12T04:21:48Z",
  "prices_usd_bbl": {
    "brent": 76.01000213623047,
    "wti": 71.41000366210938,
    "inr_usd": 95.37000274658203,
    "indian_basket": 75.31
  }
}