{
  "as_of": "2026-06-12T05:27:25Z",
  "prices_usd_bbl": {
    "brent": 88.55999755859375,
    "wti": 86.04000091552734,
    "inr_usd": 95.40499877929688,
    "indian_basket": 87.86
  }
}