{
  "as_of": "2026-07-15T03:53:50Z",
  "prices_usd_bbl": {
    "brent": 85.94000244140625,
    "wti": 80.18000030517578,
    "inr_usd": 96.05750274658203,
    "indian_basket": 85.24
  }
}