{
  "as_of": "2026-06-30T04:58:06Z",
  "prices_usd_bbl": {
    "brent": 73.5199966430664,
    "wti": 70.26000213623047,
    "inr_usd": 94.6624984741211,
    "indian_basket": 72.82
  }
}