{
  "as_of": "2026-07-21T04:11:13Z",
  "prices_usd_bbl": {
    "brent": 88.55000305175781,
    "wti": 82.0999984741211,
    "inr_usd": 96.31749725341797,
    "indian_basket": 87.85
  }
}