{
  "as_of": "2026-07-24T04:09:17Z",
  "prices_usd_bbl": {
    "brent": 100.69000244140625,
    "wti": 92.19000244140625,
    "inr_usd": 96.52749633789062,
    "indian_basket": 99.99
  }
}