{
  "as_of": "2026-06-26T05:04:32Z",
  "prices_usd_bbl": {
    "brent": 74.13999938964844,
    "wti": 70.4800033569336,
    "inr_usd": 94.38500213623047,
    "indian_basket": 73.44
  }
}