{
  "as_of": "2026-05-27T05:10:59Z",
  "prices_usd_bbl": {
    "brent": 95.02999877929688,
    "wti": 91.98999786376953,
    "inr_usd": 95.76249694824219,
    "indian_basket": 94.33
  }
}