{
  "as_of": "2026-06-05T05:11:41Z",
  "prices_usd_bbl": {
    "brent": 95.33999633789062,
    "wti": 93.02999877929688,
    "inr_usd": 95.27999877929688,
    "indian_basket": 94.64
  }
}