{
  "as_of": "2026-06-24T04:59:10Z",
  "prices_usd_bbl": {
    "brent": 76.5,
    "wti": 72.62999725341797,
    "inr_usd": 94.84750366210938,
    "indian_basket": 75.8
  }
}