{
  "as_of": "2026-06-28T05:13:07Z",
  "prices_usd_bbl": {
    "brent": 72.5999984741211,
    "wti": 69.2300033569336,
    "inr_usd": 94.30000305175781,
    "indian_basket": 71.9
  }
}