{
  "as_of": "2026-06-17T06:04:18Z",
  "prices_usd_bbl": {
    "brent": 78.68000030517578,
    "wti": 75.13999938964844,
    "inr_usd": 94.44000244140625,
    "indian_basket": 77.98
  }
}