{
  "as_of": "2026-05-26T04:58:10Z",
  "prices_usd_bbl": {
    "brent": 95.45999908447266,
    "wti": 91.97000122070312,
    "inr_usd": 95.34500122070312,
    "indian_basket": 94.76
  }
}