{
  "as_of": "2026-07-23T04:10:45Z",
  "prices_usd_bbl": {
    "brent": 96.16999816894531,
    "wti": 88.37999725341797,
    "inr_usd": 96.5199966430664,
    "indian_basket": 95.47
  }
}