{
  "as_of": "2026-07-22T04:13:07Z",
  "prices_usd_bbl": {
    "brent": 92.16999816894531,
    "wti": 85.30999755859375,
    "inr_usd": 96.31500244140625,
    "indian_basket": 91.47
  }
}