{
  "as_of": "2026-06-20T05:06:27Z",
  "prices_usd_bbl": {
    "brent": 80.58999633789062,
    "wti": 76.54000091552734,
    "inr_usd": 94.30999755859375,
    "indian_basket": 79.89
  }
}