{
  "as_of": "2026-05-28T05:05:15Z",
  "prices_usd_bbl": {
    "brent": 95.62000274658203,
    "wti": 92.13999938964844,
    "inr_usd": 95.68000030517578,
    "indian_basket": 94.92
  }
}