{
  "as_of": "2026-06-01T05:55:27Z",
  "prices_usd_bbl": {
    "brent": 93.25,
    "wti": 89.83000183105469,
    "inr_usd": 94.87750244140625,
    "indian_basket": 92.55
  }
}