{
  "as_of": "2026-06-22T06:23:30Z",
  "prices_usd_bbl": {
    "brent": 78.9800033569336,
    "wti": 75.23999786376953,
    "inr_usd": 94.48750305175781,
    "indian_basket": 78.28
  }
}