{
  "as_of": "2026-06-11T05:24:11Z",
  "prices_usd_bbl": {
    "brent": 94.01000213623047,
    "wti": 91.06999969482422,
    "inr_usd": 95.66500091552734,
    "indian_basket": 93.31
  }
}