{
  "as_of": "2026-07-19T04:18:02Z",
  "prices_usd_bbl": {
    "brent": 88.0999984741211,
    "wti": 81.77999877929688,
    "inr_usd": 96.27999877929688,
    "indian_basket": 87.4
  }
}