{
  "as_of": "2026-06-03T05:58:03Z",
  "prices_usd_bbl": {
    "brent": 97.51000213623047,
    "wti": 95.30000305175781,
    "inr_usd": 95.75700378417969,
    "indian_basket": 96.81
  }
}