{
  "as_of": "2026-06-25T04:58:26Z",
  "prices_usd_bbl": {
    "brent": 72.61000061035156,
    "wti": 69.47000122070312,
    "inr_usd": 94.30999755859375,
    "indian_basket": 71.91
  }
}