{
  "as_of": "2026-06-16T06:27:41Z",
  "prices_usd_bbl": {
    "brent": 82.68000030517578,
    "wti": 80.37999725341797,
    "inr_usd": 94.69999694824219,
    "indian_basket": 81.98
  }
}