{
  "as_of": "2026-06-23T04:55:35Z",
  "prices_usd_bbl": {
    "brent": 77.61000061035156,
    "wti": 73.73999786376953,
    "inr_usd": 94.66500091552734,
    "indian_basket": 76.91
  }
}