{
  "as_of": "2026-07-20T04:32:01Z",
  "prices_usd_bbl": {
    "brent": 90.4000015258789,
    "wti": 83.7300033569336,
    "inr_usd": 96.43299865722656,
    "indian_basket": 89.7
  }
}