{
  "as_of": "2026-07-04T04:29:44Z",
  "prices_usd_bbl": {
    "brent": 72.12999725341797,
    "wti": 68.77999877929688,
    "inr_usd": 95.19999694824219,
    "indian_basket": 71.43
  }
}