{
  "as_of": "2026-06-09T04:59:29Z",
  "prices_usd_bbl": {
    "brent": 93.4000015258789,
    "wti": 90.08999633789062,
    "inr_usd": 95.6500015258789,
    "indian_basket": 92.7
  }
}