{
  "as_of": "2026-06-08T05:25:20Z",
  "prices_usd_bbl": {
    "brent": 97.41000366210938,
    "wti": 94.5,
    "inr_usd": 95.33999633789062,
    "indian_basket": 96.71
  }
}