{
  "as_of": "2026-05-30T04:45:42Z",
  "prices_usd_bbl": {
    "brent": 92.05000305175781,
    "wti": 87.36000061035156,
    "inr_usd": 94.98999786376953,
    "indian_basket": 91.35
  }
}