{
  "as_of": "2026-07-10T04:44:42Z",
  "prices_usd_bbl": {
    "brent": 76.69999694824219,
    "wti": 72.47000122070312,
    "inr_usd": 95.30999755859375,
    "indian_basket": 76.0
  }
}