{
  "as_of": "2026-07-09T04:48:52Z",
  "prices_usd_bbl": {
    "brent": 78.91000366210938,
    "wti": 74.33999633789062,
    "inr_usd": 95.4749984741211,
    "indian_basket": 78.21
  }
}