{
  "as_of": "2026-06-14T05:26:02Z",
  "prices_usd_bbl": {
    "brent": 87.33000183105469,
    "wti": 84.87999725341797,
    "inr_usd": 95.0999984741211,
    "indian_basket": 86.63
  }
}