{
  "as_of": "2026-06-27T04:45:43Z",
  "prices_usd_bbl": {
    "brent": 71.98999786376953,
    "wti": 69.2300033569336,
    "inr_usd": 94.30000305175781,
    "indian_basket": 71.29
  }
}