{
  "as_of": "2026-06-15T06:18:15Z",
  "prices_usd_bbl": {
    "brent": 83.80999755859375,
    "wti": 80.97000122070312,
    "inr_usd": 94.65499877929688,
    "indian_basket": 83.11
  }
}