{
  "as_of": "2026-06-18T05:50:19Z",
  "prices_usd_bbl": {
    "brent": 77.66999816894531,
    "wti": 73.83999633789062,
    "inr_usd": 94.38500213623047,
    "indian_basket": 76.97
  }
}