{
  "as_of": "2026-07-13T04:27:16Z",
  "prices_usd_bbl": {
    "brent": 79.1500015258789,
    "wti": 74.36000061035156,
    "inr_usd": 95.73500061035156,
    "indian_basket": 78.45
  }
}