{
  "as_of": "2026-06-19T06:10:10Z",
  "prices_usd_bbl": {
    "brent": 80.26000213623047,
    "wti": 76.37999725341797,
    "inr_usd": 94.44499969482422,
    "indian_basket": 79.56
  }
}