{
  "as_of": "2026-07-01T05:16:20Z",
  "prices_usd_bbl": {
    "brent": 73.18000030517578,
    "wti": 69.7300033569336,
    "inr_usd": 94.70249938964844,
    "indian_basket": 72.48
  }
}