{
  "as_of": "2026-07-17T03:55:54Z",
  "prices_usd_bbl": {
    "brent": 84.95999908447266,
    "wti": 79.06999969482422,
    "inr_usd": 96.30750274658203,
    "indian_basket": 84.26
  }
}