{
  "as_of": "2026-06-02T05:26:09Z",
  "prices_usd_bbl": {
    "brent": 94.22000122070312,
    "wti": 91.29000091552734,
    "inr_usd": 95.15750122070312,
    "indian_basket": 93.52
  }
}