{
  "as_of": "2026-06-06T04:49:12Z",
  "prices_usd_bbl": {
    "brent": 93.08999633789062,
    "wti": 90.54000091552734,
    "inr_usd": 94.94999694824219,
    "indian_basket": 92.39
  }
}