{
  "as_of": "2026-06-10T05:11:45Z",
  "prices_usd_bbl": {
    "brent": 91.98999786376953,
    "wti": 88.7300033569336,
    "inr_usd": 95.302001953125,
    "indian_basket": 91.29
  }
}