{
  "as_of": "2026-07-16T03:56:47Z",
  "prices_usd_bbl": {
    "brent": 84.6500015258789,
    "wti": 79.44999694824219,
    "inr_usd": 96.27999877929688,
    "indian_basket": 83.95
  }
}