{
  "as_of": "2026-07-18T03:49:40Z",
  "prices_usd_bbl": {
    "brent": 88.08999633789062,
    "wti": 81.7699966430664,
    "inr_usd": 96.27999877929688,
    "indian_basket": 87.39
  }
}