{
  "as_of": "2026-05-29T05:08:50Z",
  "prices_usd_bbl": {
    "brent": 91.63999938964844,
    "wti": 87.7699966430664,
    "inr_usd": 95.44999694824219,
    "indian_basket": 90.94
  }
}