{
  "as_of": "2026-07-06T05:04:34Z",
  "prices_usd_bbl": {
    "brent": 71.8499984741211,
    "wti": 68.56999969482422,
    "inr_usd": 95.37249755859375,
    "indian_basket": 71.15
  }
}