{
  "as_of": "2026-05-31T05:14:17Z",
  "prices_usd_bbl": {
    "brent": 91.12000274658203,
    "wti": 87.36000061035156,
    "inr_usd": 94.98999786376953,
    "indian_basket": 90.42
  }
}