{
  "as_of": "2026-07-02T04:54:13Z",
  "prices_usd_bbl": {
    "brent": 70.91000366210938,
    "wti": 67.91000366210938,
    "inr_usd": 94.9625015258789,
    "indian_basket": 70.21
  }
}