{
  "as_of": "2026-06-04T05:51:58Z",
  "prices_usd_bbl": {
    "brent": 96.9800033569336,
    "wti": 95.29000091552734,
    "inr_usd": 95.66000366210938,
    "indian_basket": 96.28
  }
}