{
  "as_of": "2026-07-08T04:10:13Z",
  "prices_usd_bbl": {
    "brent": 74.16000366210938,
    "wti": 72.25,
    "inr_usd": 95.15499877929688,
    "indian_basket": 73.46
  }
}