{
  "as_of": "2026-07-18",
  "latest": {
    "nifty50": 24334.30078125,
    "nifty_it": 29226.599609375,
    "gold_mcx": 4023.0,
    "sensex": 78151.453125,
    "inr_usd": 96.27999877929688
  },
  "inr_per_usd": 0.0104,
  "daily_returns_pct": {
    "nifty50": 1.087,
    "nifty_it": 1.755,
    "gold_mcx": 0.938,
    "inr_usd": -0.385,
    "sensex": 1.25
  }
}