{
  "as_of": "2026-06-24",
  "latest": {
    "nifty50": 23955.849609375,
    "nifty_it": 27439.349609375,
    "gold_mcx": 4080.10009765625,
    "inr_usd": 94.83999633789062,
    "sensex": 76619.609375
  },
  "inr_per_usd": 0.0105,
  "daily_returns_pct": {
    "nifty50": 0.553,
    "nifty_it": 1.582,
    "gold_mcx": -1.206,
    "inr_usd": 0.147,
    "sensex": 0.55
  }
}