{
  "as_of": "2026-07-08",
  "latest": {
    "nifty50": 24217.55078125,
    "nifty_it": 27887.80078125,
    "gold_mcx": 4134.89990234375,
    "inr_usd": 95.15249633789062,
    "sensex": 77680.671875
  },
  "inr_per_usd": 0.0105,
  "daily_returns_pct": {
    "nifty50": -0.742,
    "nifty_it": -0.184,
    "gold_mcx": -0.251,
    "inr_usd": -0.472,
    "sensex": -0.64
  }
}