{
  "as_of": "2026-07-24",
  "latest": {
    "gold_mcx": 4046.60009765625,
    "nifty50": 23675.400390625,
    "nifty_it": 28464.099609375,
    "inr_usd": 96.52749633789062,
    "sensex": 75934.3828125
  },
  "inr_per_usd": 0.0104,
  "daily_returns_pct": {
    "nifty50": -0.814,
    "nifty_it": -0.243,
    "gold_mcx": -2.419,
    "inr_usd": -0.031,
    "sensex": -0.598
  }
}