{
  "as_of": "2026-06-19",
  "latest": {
    "nifty50": 23955.25,
    "nifty_it": 26958.849609375,
    "gold_mcx": 4156.5,
    "inr_usd": 94.44750213623047,
    "sensex": 76589.109375
  },
  "inr_per_usd": 0.0106,
  "daily_returns_pct": {
    "nifty50": -0.348,
    "nifty_it": -5.356,
    "gold_mcx": -1.6,
    "inr_usd": -0.434,
    "sensex": -0.683
  }
}