{
  "as_of": "2026-05-27",
  "latest": {
    "nifty50": 23955.400390625,
    "nifty_it": 28962.5,
    "gold_mcx": 4508.7001953125,
    "inr_usd": 95.76249694824219,
    "sensex": 76109.296875
  },
  "inr_per_usd": 0.0104,
  "daily_returns_pct": {
    "nifty50": 0.174,
    "nifty_it": -0.055,
    "gold_mcx": 0.184,
    "inr_usd": 0.535,
    "sensex": 0.131
  }
}