{
  "as_of": "2026-06-15",
  "latest": {
    "nifty50": 23956.099609375,
    "nifty_it": 28202.94921875,
    "gold_mcx": 4329.2998046875,
    "inr_usd": 94.65499877929688,
    "sensex": 76683.53125
  },
  "inr_per_usd": 0.0106,
  "daily_returns_pct": {
    "nifty50": 1.41,
    "nifty_it": 1.465,
    "gold_mcx": 2.712,
    "inr_usd": -1.154,
    "sensex": 1.53
  }
}