{
  "as_of": "2026-06-25",
  "latest": {
    "nifty50": 24167.349609375,
    "nifty_it": 27654.650390625,
    "gold_mcx": 4009.89990234375,
    "inr_usd": 94.31749725341797,
    "sensex": 77515.6875
  },
  "inr_per_usd": 0.0106,
  "daily_returns_pct": {
    "nifty50": 0.607,
    "nifty_it": 0.319,
    "gold_mcx": 0.491,
    "inr_usd": -0.91,
    "sensex": 0.681
  }
}