{
  "as_of": "2026-06-08",
  "latest": {
    "nifty50": 23195.349609375,
    "nifty_it": 28823.94921875,
    "gold_mcx": 4330.60009765625,
    "inr_usd": 95.33999633789062,
    "sensex": 73741.0390625
  },
  "inr_per_usd": 0.0105,
  "daily_returns_pct": {
    "nifty50": -0.733,
    "nifty_it": -0.642,
    "gold_mcx": -0.15,
    "inr_usd": 0.411,
    "sensex": -0.677
  }
}