{
  "as_of": "2026-07-17",
  "latest": {
    "gold_mcx": 4001.10009765625,
    "sensex": 77186.8671875,
    "nifty50": 24198.900390625,
    "nifty_it": 29213.44921875,
    "inr_usd": 96.30000305175781
  },
  "inr_per_usd": 0.0104,
  "daily_returns_pct": {
    "nifty50": 0.524,
    "nifty_it": 1.709,
    "gold_mcx": -1.061,
    "inr_usd": -0.206,
    "sensex": 0.002
  }
}