{
  "as_of": "2026-05-24",
  "latest": {
    "sensex": 75415.3515625,
    "nifty50": 24343.1181,
    "nifty_it": 37630.3896,
    "gold_mcx": 2347.019,
    "inr_usd": 95.68000030517578
  },
  "inr_per_usd": 0.0105,
  "daily_returns_pct": {
    "nifty50": 2.63,
    "nifty_it": 30.153,
    "gold_mcx": -48.112,
    "inr_usd": -0.514,
    "sensex": 0.309
  }
}