{
  "as_of": "2026-07-22",
  "latest": {
    "nifty50": 24026.349609375,
    "nifty_it": 28768.150390625,
    "gold_mcx": 4133.0,
    "inr_usd": 96.30999755859375,
    "sensex": 77035.578125
  },
  "inr_per_usd": 0.0104,
  "daily_returns_pct": {
    "nifty50": -0.667,
    "nifty_it": -0.746,
    "gold_mcx": 1.52,
    "inr_usd": -0.186,
    "sensex": -0.561
  }
}