{
  "as_of": "2026-07-03",
  "latest": {
    "nifty50": 24325.599609375,
    "nifty_it": 27473.80078125,
    "gold_mcx": 4192.10009765625,
    "inr_usd": 95.24250030517578,
    "sensex": 77999.8203125
  },
  "inr_per_usd": 0.0105,
  "daily_returns_pct": {
    "nifty50": 0.62,
    "nifty_it": 1.887,
    "gold_mcx": 1.931,
    "inr_usd": -0.183,
    "sensex": 0.642
  }
}