{
  "as_of": "2026-07-21",
  "latest": {
    "nifty50": 24229.099609375,
    "nifty_it": 29240.44921875,
    "gold_mcx": 4053.10009765625,
    "inr_usd": 96.31749725341797,
    "sensex": 77655.7109375
  },
  "inr_per_usd": 0.0104,
  "daily_returns_pct": {
    "nifty50": -0.039,
    "nifty_it": 0.269,
    "gold_mcx": 1.067,
    "inr_usd": 0.034,
    "sensex": -0.068
  }
}