{
  "as_of": "2026-06-02",
  "latest": {
    "nifty50": 23289.30078125,
    "nifty_it": 31129.099609375,
    "gold_mcx": 4548.7998046875,
    "inr_usd": 95.15750122070312,
    "sensex": 74203.890625
  },
  "inr_per_usd": 0.0105,
  "daily_returns_pct": {
    "nifty50": -0.399,
    "nifty_it": 4.27,
    "gold_mcx": 1.645,
    "inr_usd": 0.163,
    "sensex": -0.085
  }
}