{
  "as_of": "2026-06-05",
  "latest": {
    "nifty50": 23357.099609375,
    "nifty_it": 29163.30078125,
    "gold_mcx": 4470.2001953125,
    "inr_usd": 95.27999877929688,
    "sensex": 74630.71875
  },
  "inr_per_usd": 0.0105,
  "daily_returns_pct": {
    "nifty50": -0.135,
    "nifty_it": -0.338,
    "gold_mcx": -0.125,
    "inr_usd": -0.92,
    "sensex": 0.486
  }
}