{
  "as_of": "2026-06-23",
  "latest": {
    "nifty50": 24118.30078125,
    "nifty_it": 27189.650390625,
    "gold_mcx": 4156.7001953125,
    "inr_usd": 94.66500091552734,
    "sensex": 77171.640625
  },
  "inr_per_usd": 0.0106,
  "daily_returns_pct": {
    "nifty50": 0.064,
    "nifty_it": -1.589,
    "gold_mcx": -0.603,
    "inr_usd": 0.355,
    "sensex": 0.101
  }
}