{
  "as_of": "2026-07-04",
  "latest": {
    "nifty50": 24270.849609375,
    "nifty_it": 27439.400390625,
    "gold_mcx": 4187.2998046875,
    "inr_usd": 95.19999694824219,
    "sensex": 77763.90625
  },
  "inr_per_usd": 0.0105,
  "daily_returns_pct": {
    "nifty50": 0.394,
    "nifty_it": 1.759,
    "gold_mcx": 1.814,
    "inr_usd": -0.228,
    "sensex": 0.338
  }
}