{
  "as_of": "2026-07-15",
  "latest": {
    "sensex": 77616.3984375,
    "gold_mcx": 4036.0,
    "nifty50": 24181.650390625,
    "nifty_it": 28471.55078125,
    "inr_usd": 96.05500030517578
  },
  "inr_per_usd": 0.0104,
  "daily_returns_pct": {
    "nifty50": 0.176,
    "nifty_it": -2.524,
    "gold_mcx": 0.976,
    "inr_usd": -0.253,
    "sensex": 0.061
  }
}