{
  "as_of": "2026-07-13",
  "latest": {
    "nifty50": 24111.349609375,
    "nifty_it": 28197.19921875,
    "gold_mcx": 4062.60009765625,
    "inr_usd": 95.73500061035156,
    "sensex": 77119.9609375
  },
  "inr_per_usd": 0.0104,
  "daily_returns_pct": {
    "nifty50": -0.395,
    "nifty_it": 0.667,
    "gold_mcx": -1.011,
    "inr_usd": 0.361,
    "sensex": -0.579
  }
}