{
  "as_of": "2026-07-14",
  "latest": {
    "gold_mcx": 4020.5,
    "sensex": 77616.3984375,
    "nifty50": 24139.19921875,
    "nifty_it": 29208.650390625,
    "inr_usd": 96.12999725341797
  },
  "inr_per_usd": 0.0104,
  "daily_returns_pct": {
    "nifty50": -0.297,
    "nifty_it": 0.664,
    "gold_mcx": -2.037,
    "inr_usd": 0.844,
    "sensex": 0.061
  }
}