{
  "as_of": "2026-07-20",
  "latest": {
    "nifty50": 24186.30078125,
    "nifty_it": 29239.400390625,
    "gold_mcx": 4028.39990234375,
    "inr_usd": 96.43299865722656,
    "sensex": 77488.171875
  },
  "inr_per_usd": 0.0104,
  "daily_returns_pct": {
    "nifty50": -0.608,
    "nifty_it": 0.044,
    "gold_mcx": 0.391,
    "inr_usd": 0.159,
    "sensex": -0.849
  }
}