{
  "as_of": "2026-07-23",
  "latest": {
    "nifty50": 23907.05078125,
    "nifty_it": 28421.55078125,
    "gold_mcx": 4126.7001953125,
    "inr_usd": 96.5199966430664,
    "sensex": 76507.671875
  },
  "inr_per_usd": 0.0104,
  "daily_returns_pct": {
    "nifty50": -0.372,
    "nifty_it": -0.449,
    "gold_mcx": -0.487,
    "inr_usd": 0.186,
    "sensex": -0.322
  }
}