{
  "as_of": "2026-07-16",
  "latest": {
    "gold_mcx": 4039.60009765625,
    "sensex": 77185.4296875,
    "nifty50": 24136.099609375,
    "nifty_it": 28898.05078125,
    "inr_usd": 96.27999877929688
  },
  "inr_per_usd": 0.0104,
  "daily_returns_pct": {
    "nifty50": 0.239,
    "nifty_it": 1.282,
    "gold_mcx": -0.529,
    "inr_usd": -0.151,
    "sensex": 0.169
  }
}