{
  "as_of": "2026-06-18",
  "latest": {
    "nifty50": 24038.900390625,
    "nifty_it": 28484.599609375,
    "gold_mcx": 4335.89990234375,
    "inr_usd": 94.38500213623047,
    "sensex": 77115.828125
  },
  "inr_per_usd": 0.0106,
  "daily_returns_pct": {
    "nifty50": -0.194,
    "nifty_it": -1.128,
    "gold_mcx": -0.528,
    "inr_usd": -0.531,
    "sensex": -0.052
  }
}