{
  "as_of": "2026-06-17",
  "latest": {
    "nifty50": 24096.900390625,
    "nifty_it": 28837.5,
    "gold_mcx": 4351.5,
    "inr_usd": 94.44000244140625,
    "sensex": 77120.3515625
  },
  "inr_per_usd": 0.0106,
  "daily_returns_pct": {
    "nifty50": 0.449,
    "nifty_it": 0.943,
    "gold_mcx": 0.476,
    "inr_usd": -0.318,
    "sensex": 0.406
  }
}