{
  "as_of": "2026-07-06",
  "latest": {
    "nifty50": 24408.25,
    "nifty_it": 27296.099609375,
    "gold_mcx": 4170.2998046875,
    "inr_usd": 95.37249755859375,
    "sensex": 78148.8828125
  },
  "inr_per_usd": 0.0105,
  "daily_returns_pct": {
    "nifty50": 0.566,
    "nifty_it": -0.522,
    "gold_mcx": -0.406,
    "inr_usd": -0.162,
    "sensex": 0.495
  }
}