{
  "as_of": "2026-05-25",
  "latest": {
    "nifty50": 23985.900390625,
    "nifty_it": 29101.150390625,
    "gold_mcx": 4523.2001953125,
    "inr_usd": 95.23999786376953,
    "sensex": 76275.9375
  },
  "inr_per_usd": 0.0105,
  "daily_returns_pct": {
    "nifty50": -1.467,
    "nifty_it": -22.666,
    "gold_mcx": 92.721,
    "inr_usd": -0.46,
    "sensex": 1.141
  }
}