{
  "as_of": "2026-07-09",
  "latest": {
    "nifty50": 24043.69921875,
    "nifty_it": 27318.5,
    "gold_mcx": 4072.300048828125,
    "inr_usd": 95.47250366210938,
    "sensex": 77078.609375
  },
  "inr_per_usd": 0.0105,
  "daily_returns_pct": {
    "nifty50": 0.677,
    "nifty_it": -0.859,
    "gold_mcx": 0.034,
    "inr_usd": -0.126,
    "sensex": 0.752
  }
}