{
  "as_of": "2026-06-07",
  "latest": {
    "nifty50": 23366.69921875,
    "nifty_it": 29010.30078125,
    "gold_mcx": 4365.2998046875,
    "sensex": 74243.34375,
    "inr_usd": 94.94999694824219
  },
  "inr_per_usd": 0.0105,
  "daily_returns_pct": {
    "nifty50": -0.213,
    "nifty_it": -0.991,
    "gold_mcx": -2.469,
    "inr_usd": -0.877,
    "sensex": -0.157
  }
}