{
  "as_of": "2026-07-02",
  "latest": {
    "nifty50": 24092.75,
    "nifty_it": 26804.599609375,
    "gold_mcx": 4075.699951171875,
    "inr_usd": 94.96499633789062,
    "sensex": 77180.5390625
  },
  "inr_per_usd": 0.0105,
  "daily_returns_pct": {
    "nifty50": 0.362,
    "nifty_it": 4.016,
    "gold_mcx": 0.182,
    "inr_usd": 0.05,
    "sensex": 0.335
  }
}