{
  "as_of": "2026-06-01",
  "latest": {
    "nifty50": 23581.94921875,
    "nifty_it": 30116.0,
    "gold_mcx": 4548.0,
    "inr_usd": 94.87750244140625,
    "sensex": 74993.09375
  },
  "inr_per_usd": 0.0105,
  "daily_returns_pct": {
    "nifty50": 0.145,
    "nifty_it": 3.562,
    "gold_mcx": -0.274,
    "inr_usd": -1.219,
    "sensex": 0.291
  }
}