{
  "as_of": "2026-07-07",
  "latest": {
    "nifty50": 24491.900390625,
    "nifty_it": 27896.0,
    "gold_mcx": 4141.7001953125,
    "inr_usd": 95.32499694824219,
    "sensex": 78420.9296875
  },
  "inr_per_usd": 0.0105,
  "daily_returns_pct": {
    "nifty50": 0.252,
    "nifty_it": 2.271,
    "gold_mcx": -0.322,
    "inr_usd": 0.116,
    "sensex": 0.174
  }
}