{
  "as_of": "2026-07-01",
  "latest": {
    "nifty50": 23953.69921875,
    "nifty_it": 26195.44921875,
    "gold_mcx": 3987.300048828125,
    "inr_usd": 94.70249938964844,
    "sensex": 76933.3125
  },
  "inr_per_usd": 0.0106,
  "daily_returns_pct": {
    "nifty50": 0.369,
    "nifty_it": -0.394,
    "gold_mcx": -0.885,
    "inr_usd": -0.093,
    "sensex": 0.594
  }
}