{
  "as_of": "2026-06-10",
  "latest": {
    "nifty50": 23337.94921875,
    "nifty_it": 28547.19921875,
    "gold_mcx": 4197.10009765625,
    "inr_usd": 95.302001953125,
    "sensex": 74202.3984375
  },
  "inr_per_usd": 0.0105,
  "daily_returns_pct": {
    "nifty50": 0.746,
    "nifty_it": 0.438,
    "gold_mcx": -1.477,
    "inr_usd": -0.404,
    "sensex": 0.752
  }
}