{
  "as_of": "2026-06-21",
  "latest": {
    "nifty50": 24013.099609375,
    "nifty_it": 27426.849609375,
    "gold_mcx": 4172.89990234375,
    "inr_usd": 94.30999755859375,
    "sensex": 76802.8984375
  },
  "inr_per_usd": 0.0106,
  "daily_returns_pct": {
    "nifty50": -0.641,
    "nifty_it": -3.652,
    "gold_mcx": -1.212,
    "inr_usd": -0.579,
    "sensex": -0.784
  }
}