{
  "as_of": "2026-06-03",
  "latest": {
    "nifty50": 23228.25,
    "nifty_it": 29590.94921875,
    "gold_mcx": 4493.5,
    "inr_usd": 95.75700378417969,
    "sensex": 73683.5703125
  },
  "inr_per_usd": 0.0104,
  "daily_returns_pct": {
    "nifty50": -1.087,
    "nifty_it": -4.903,
    "gold_mcx": 0.098,
    "inr_usd": 0.215,
    "sensex": -1.294
  }
}