{
  "as_of": "2026-06-12",
  "latest": {
    "nifty50": 23354.099609375,
    "nifty_it": 27861.599609375,
    "gold_mcx": 4208.2001953125,
    "inr_usd": 95.40249633789062,
    "sensex": 74562.359375
  },
  "inr_per_usd": 0.0105,
  "daily_returns_pct": {
    "nifty50": 0.831,
    "nifty_it": 0.146,
    "gold_mcx": 2.882,
    "inr_usd": -0.253,
    "sensex": 0.988
  }
}