{
  "as_of": "2026-06-04",
  "latest": {
    "nifty50": 23388.650390625,
    "nifty_it": 29262.30078125,
    "gold_mcx": 4501.0,
    "inr_usd": 95.66000366210938,
    "sensex": 74269.9609375
  },
  "inr_per_usd": 0.0105,
  "daily_returns_pct": {
    "nifty50": -0.072,
    "nifty_it": -0.416,
    "gold_mcx": 1.449,
    "inr_usd": 0.417,
    "sensex": -0.103
  }
}