{
  "as_of": "2026-06-09",
  "latest": {
    "nifty50": 23165.099609375,
    "nifty_it": 28422.599609375,
    "gold_mcx": 4352.7001953125,
    "inr_usd": 95.6500015258789,
    "sensex": 73648.6796875
  },
  "inr_per_usd": 0.0105,
  "daily_returns_pct": {
    "nifty50": 0.182,
    "nifty_it": -0.806,
    "gold_mcx": 0.387,
    "inr_usd": 0.737,
    "sensex": 0.169
  }
}