{
  "as_of": "2026-05-26",
  "latest": {
    "nifty50": 24074.099609375,
    "nifty_it": 29062.69921875,
    "gold_mcx": 4527.7001953125,
    "inr_usd": 95.34500122070312,
    "sensex": 76527.4921875
  },
  "inr_per_usd": 0.0105,
  "daily_returns_pct": {
    "nifty50": 0.176,
    "nifty_it": 0.286,
    "gold_mcx": 0.099,
    "inr_usd": -0.391,
    "sensex": 0.05
  }
}