{
  "as_of": "2026-06-22",
  "latest": {
    "nifty50": 24140.5,
    "nifty_it": 27748.849609375,
    "gold_mcx": 4212.39990234375,
    "inr_usd": 94.48750305175781,
    "sensex": 77296.3671875
  },
  "inr_per_usd": 0.0106,
  "daily_returns_pct": {
    "nifty50": 0.531,
    "nifty_it": 1.174,
    "gold_mcx": 0.947,
    "inr_usd": 0.156,
    "sensex": 0.643
  }
}