{
  "as_of": "2026-06-11",
  "latest": {
    "nifty50": 23174.25,
    "nifty_it": 27828.400390625,
    "gold_mcx": 4099.7998046875,
    "inr_usd": 95.66500091552734,
    "sensex": 73947.1875
  },
  "inr_per_usd": 0.0105,
  "daily_returns_pct": {
    "nifty50": -0.701,
    "nifty_it": -2.518,
    "gold_mcx": -0.204,
    "inr_usd": 0.32,
    "sensex": -0.344
  }
}