{
  "as_of": "2026-05-29",
  "latest": {
    "nifty50": 23917.900390625,
    "nifty_it": 29635.44921875,
    "gold_mcx": 4544.7998046875,
    "inr_usd": 95.44750213623047,
    "sensex": 76066.953125
  },
  "inr_per_usd": 0.0105,
  "daily_returns_pct": {
    "nifty50": 0.045,
    "nifty_it": 2.521,
    "gold_mcx": 1.011,
    "inr_usd": -0.626,
    "sensex": 0.263
  }
}