{
  "as_of": "2026-06-30",
  "latest": {
    "nifty50": 23899.19921875,
    "nifty_it": 26651.0,
    "gold_mcx": 3997.39990234375,
    "inr_usd": 94.6624984741211,
    "sensex": 76613.25
  },
  "inr_per_usd": 0.0106,
  "daily_returns_pct": {
    "nifty50": -0.196,
    "nifty_it": -1.433,
    "gold_mcx": -0.619,
    "inr_usd": 0.32,
    "sensex": -0.15
  }
}