{
  "as_of": "2026-05-28",
  "latest": {
    "nifty50": 23907.150390625,
    "nifty_it": 28906.69921875,
    "sensex": 75867.796875,
    "gold_mcx": 4401.10009765625,
    "inr_usd": 95.68000030517578
  },
  "inr_per_usd": 0.0105,
  "daily_returns_pct": {
    "nifty50": -0.027,
    "nifty_it": -0.248,
    "gold_mcx": -1.043,
    "inr_usd": -0.235,
    "sensex": -0.187
  }
}